SCHOOL_NAME,ADDRESS,POSTAL_CODE,TELEPHONE,MRT_NAME
ADMIRALTY PRIMARY SCHOOL,11 WOODLANDS CIRCLE   ,738907,63620598,Admiralty Station
ADMIRALTY SECONDARY SCHOOL,31 WOODLANDS CRESCENT   ,737916,63651733,ADMIRALTY MRT
AHMAD IBRAHIM PRIMARY SCHOOL,10 YISHUN STREET 11   ,768643,67592906,Yishun
AHMAD IBRAHIM SECONDARY SCHOOL,751 YISHUN AVENUE 7   ,768928,67585384,"CANBERRA MRT, YISHUN MRT"
AI TONG SCHOOL,100 Bright Hill Drive   ,579646,64547672,Bishan MRT
ALEXANDRA PRIMARY SCHOOL,2A Prince Charles Crescent   ,159016,62485400,Redhill Station; Tiong Bahru Station
ANCHOR GREEN PRIMARY SCHOOL,31 Anchorvale Drive   ,544969,68861356,MRT : NE16-Sengkang; LRT : SW7-TongKang
ANDERSON PRIMARY SCHOOL,19 ANG MO KIO AVE 9   ,569785,64560340,Yio Chu Kang MRT Station (NS 15); Lentor MRT Station (TE5)
ANDERSON SECONDARY SCHOOL,10 ANG MO KIO STREET 53   ,569206,64598303,"ANG MO KIO MRT, YIO CHU KANG MRT"
ANDERSON SERANGOON JUNIOR COLLEGE,1033 Upper Serangoon Road   ,534768,64596822,Kovan MRT Station
ANG MO KIO PRIMARY SCHOOL,20 ANG MO KIO AVENUE 3   ,569920,64520794,Ang Mo Kio MRT Station; Mayflower MRT Station
ANG MO KIO SECONDARY SCHOOL,6 ANG MO KIO STREET 22   ,569362,64548605,ANG MO KIO MRT
ANGLICAN HIGH SCHOOL,600 UPPER CHANGI ROAD   ,487012,62414866,TANAH MERAH MRT
ANGLO-CHINESE JUNIOR COLLEGE,25 DOVER CLOSE EAST   ,139745,67750511,Buona Vista
ANGLO-CHINESE SCHOOL (BARKER ROAD),60 BARKER ROAD   ,309919,62561633,"NEWTON MRT, STEVENS MRT"
ANGLO-CHINESE SCHOOL (INDEPENDENT),121 DOVER ROAD   ,139650,67731633,"DOVER MRT, BUONA VISTA MRT, ONE-NORTH MRT"
ANGLO-CHINESE SCHOOL (JUNIOR),16 WINSTEDT ROAD   ,227988,67337911,Newton MRT Station
ANGLO-CHINESE SCHOOL (PRIMARY),50 BARKER ROAD   ,309918,62501633,Newton MRT Station
ANGSANA PRIMARY SCHOOL,51 Tampines Street 61   ,528565,67830427,Tampines
ASSUMPTION ENGLISH SCHOOL,622 UPPER BUKIT TIMAH ROAD   ,678117,65729100,CASHEW MRT
ASSUMPTION PATHWAY SCHOOL,30 Cashew Road   ,679697,62793000,"DOWNTOWN LINE 2, CASHEW MRT"
BARTLEY SECONDARY SCHOOL,10 JALAN BUNGA RAMPAI   ,538403,62889013,"BARTLEY MRT, TAI SENG MRT"
BEACON PRIMARY SCHOOL,36 Bukit Panjang Ring Road   ,679944,67697255,"Bangkit LRT, Fajar LRT Station, Bukit Panjang MRT"
BEATTY SECONDARY SCHOOL,1 TOA PAYOH NORTH   ,318990,62569108,"BRADDELL MRT, TOA PAYOH MRT"
BEDOK GREEN PRIMARY SCHOOL,1 BEDOK SOUTH AVE 2   ,469317,64425416,"Bedok MRT Station, Tanah Merah MRT Station"
BEDOK GREEN SECONDARY SCHOOL,360 BEDOK NORTH AVE 3   ,469722,64463301,"BEDOK MRT, BEDOK RESERVOIR MRT"
BEDOK SOUTH SECONDARY SCHOOL,1 JALAN LANGGAR BEDOK   ,468585,64414479,TANAH MERAH MRT
BEDOK VIEW SECONDARY SCHOOL,6 BEDOK SOUTH AVENUE 3   ,469293,64430563,TANAH MERAH MRT
BENDEMEER PRIMARY SCHOOL,91 BENDEMEER ROAD   ,339948,62982911,"Boon Keng, Kallang"
BENDEMEER SECONDARY SCHOOL,1 ST WILFRED ROAD   ,327919,62927616,BOON KENG MRT
BLANGAH RISE PRIMARY SCHOOL,91 TELOK BLANGAH HEIGHTS   ,109100,62717387,"Telok Blangah, Tiong Bahru & Redhill"
BOON LAY GARDEN PRIMARY SCHOOL,20 BOON LAY DRIVE   ,649930,63160998,Lakeside & Boon Lay
BOON LAY SECONDARY SCHOOL,11 JURONG WEST STREET 65   ,648354,67940161,Boon Lay
BOWEN SECONDARY SCHOOL,2 LORONG NAPIRI   ,547529,63859466,"HOUGANG MRT, SERANGOON MRT, SENGKANG MRT"
BROADRICK SECONDARY SCHOOL,61 DAKOTA CRESCENT   ,399935,63445025,DAKOTA MRT
BUKIT BATOK SECONDARY SCHOOL,50 BUKIT BATOK WEST AVE 8   ,658962,63799413,BUKIT BATOK MRT
BUKIT MERAH SECONDARY SCHOOL,10 LENGKOK BAHRU   ,159050,64748934,REDHILL MRT
BUKIT PANJANG GOVT. HIGH SCHOOL,7 CHOA CHU KANG AVE 4   ,689809,67691031,CHOA CHU KANG MRT
BUKIT PANJANG PRIMARY SCHOOL,109 CASHEW ROAD   ,679676,67691912,From Pending LRT station to Choa Chu Kang MRT station
BUKIT TIMAH PRIMARY SCHOOL,111 Lorong Kismis   ,598112,64662863,"Beauty World, Bukit Batok and Clementi Stations"
BUKIT VIEW PRIMARY SCHOOL,18 BUKIT BATOK STREET 21   ,659634,65661980,Bukit Batok MRT Station
BUKIT VIEW SECONDARY SCHOOL,16 BUKIT BATOK STREET 21   ,659633,65661990,BUKIT BATOK MRT
CANBERRA PRIMARY SCHOOL,21 ADMIRALTY DRIVE   ,757714,67597433,Sembawang MRT Station
CANBERRA SECONDARY SCHOOL,51 SEMBAWANG DRIVE   ,757699,67585070,SEMBAWANG MRT
CANOSSA CATHOLIC PRIMARY SCHOOL,1 Sallim Road   ,387621,68441418,Nearest MRT station: Mattar Station (about 3-minute walk)
CANTONMENT PRIMARY SCHOOL,1 CANTONMENT CLOSE   ,88256,65119555,Tanjong Pagar; Outram Park
CASUARINA PRIMARY SCHOOL,30 PASIR RIS ST 41   ,518935,65837132,Pasir Ris MRT Station
CATHOLIC HIGH SCHOOL,9 BISHAN STREET 22   ,579767,64582177 (Secondary),BISHAN MRT
CATHOLIC JUNIOR COLLEGE,129 WHITLEY ROAD   ,297822,62524083,"Toa Payoh (NS Line), Novena (NS Line), Stevens (DT Line), Caldecott (CC Line,TE Line)"
CEDAR GIRLS' SECONDARY SCHOOL,1 CEDAR AVENUE   ,349692,62884909,"WOODLEIGH MRT, POTONG PASIR MRT, MATTAR MRT"
CEDAR PRIMARY SCHOOL,15 CEDAR AVENUE   ,349700,62885633,Potong Pasir MRT Station
CHANGKAT CHANGI SECONDARY SCHOOL,23 SIMEI ST 3   ,529894,67859790,SIMEI MRT
CHANGKAT PRIMARY SCHOOL,11 SIMEI ST 3   ,529896,67830923,Simei MRT Station
CHIJ (KATONG) PRIMARY,17 MARTIA ROAD   ,424821,63443072,MARINE PARADE; EUNOS; PAYA LEBAR
VALOUR PRIMARY SCHOOL,49 Punggol Central   ,828728,62426390,na
CHIJ (KELLOCK),1 Bukit Teresa Road   ,99757,62730096,Outram Park Station
CHIJ KATONG CONVENT,346 MARINE TERRACE   ,449150,64486433,"BEDOK MRT, KEMBANGAN MRT, EUNOS MRT, PAYA LEBAR MRT, MARINE TERRACE MRT"
CHIJ OUR LADY OF GOOD COUNSEL,2C Burghley Drive   ,558979,62886930,"Ang Mo Kio MRT, Bishan MRT, Serangoon MRT station."
CHIJ OUR LADY OF THE NATIVITY,1257 UPPER SERANGOON ROAD   ,534793,63852455,Hougang MRT
CHIJ OUR LADY QUEEN OF PEACE,4 Chestnut Drive   ,679287,67691529,Cashew and Hillview
CHIJ PRIMARY (TOA PAYOH),628 Lorong 1 Toa Payoh   ,319765,63532164,Toa Payoh
CHIJ SECONDARY (TOA PAYOH),626 LORONG 1 TOA PAYOH   ,319764,63534972,TOA PAYOH MRT
CHIJ ST. JOSEPH'S CONVENT,62 SENGKANG EAST WAY   ,548595,64897580,SENGKANG MRT
CHIJ ST. NICHOLAS GIRLS' SCHOOL,501 ANG MO KIO STREET 13   ,569405,63541839 (Secondary),"ANG MO KIO MRT, YIO CHU KANG MRT, MAYFLOWER MRT"
CHIJ ST. THERESA'S CONVENT,160 LOWER DELTA ROAD   ,99138,64775777,"HARBOURFRONT MRT, TIONG BAHRU MRT"
CHONGFU SCHOOL,170 YISHUN AVENUE 6   ,768959,67585527,Yishun MRT station
CHONGZHENG PRIMARY SCHOOL,1 TAMPINES STREET 21   ,529392,67819002,Tampines MRT Station; Tampines East MRT Station
CHRIST CHURCH SECONDARY SCHOOL,20 WOODLANDS DRIVE 17   ,737924,68933297,"WOODLANDS MRT, WOODLANDS SOUTH MRT"
CHUA CHU KANG PRIMARY SCHOOL,20 CHOA CHU KANG AVENUE 2   ,689905,67661574,Choa Chu Kang MRT Station and Southview LRT Station
CHUA CHU KANG SECONDARY SCHOOL,31 TECK WHYE CRESCENT   ,688848,67655228,"CHOA CHU KANG MRT, PHOENIX LRT"
CHUNG CHENG HIGH SCHOOL (MAIN),50 GOODMAN ROAD   ,439012,63441393,DAKOTA MRT
CHUNG CHENG HIGH SCHOOL (YISHUN),11 YISHUN STREET 61   ,768547,67583912,KHATIB MRT
CLEMENTI PRIMARY SCHOOL,8 CLEMENTI AVE 3   ,129903,67797449,Clementi MRT Station
CLEMENTI TOWN SECONDARY SCHOOL,10 CLEMENTI AVE 3   ,129904,67777362,CLEMENTI MRT
COMMONWEALTH SECONDARY SCHOOL,698 WEST COAST ROAD   ,608784,65606866,"JURONG EAST MRT, CLEMENTI MRT"
COMPASSVALE PRIMARY SCHOOL,21 COMPASSVALE ST   ,545091,63882819,Sengkang
COMPASSVALE SECONDARY SCHOOL,51 COMPASSVALE CRESCENT   ,545083,68815047,"SENGKANG MRT, COMPASSVALE LRT"
CONCORD PRIMARY SCHOOL,3 CHOA CHU KANG AVE 4   ,689814,67632139,Choa Chu Kang MRT Station
CORPORATION PRIMARY SCHOOL,31 JURONG WEST STREET 24   ,648347,67957381,BOON LAY STATION; LAKESIDE STATION
CRESCENT GIRLS' SCHOOL,357 TANGLIN ROAD   ,247961,64758711,REDHILL MRT
CREST SECONDARY SCHOOL,561 JURONG EAST STREET 24   ,609561,68992779,"BUKIT BATOK MRT, JURONG EAST MRT"
DAMAI PRIMARY SCHOOL,52 BEDOK RESERVOIR CRESCENT   ,479226,64456483,Bedok North MRT Station
DAMAI SECONDARY SCHOOL,4800 BEDOK RESERVOIR ROAD   ,479229,64436848,"BEDOK RESERVOIR MRT, BEDOK MRT, TAMPINES MRT"
DAZHONG PRIMARY SCHOOL,35 BUKIT BATOK STREET 31   ,659441,65658002,Bukit Gombak
DE LA SALLE SCHOOL,11 Choa Chu Kang St 52   ,689285,67667675,YEW TEE MRT
DEYI SECONDARY SCHOOL,1 ANG MO KIO STREET 42   ,569277,64561565,ANG MO KIO MRT
DUNEARN SECONDARY SCHOOL,21 BUKIT BATOK WEST AVENUE 2   ,659204,65653692,"BUKIT BATOK MRT, BUKIT GOMBAK MRT"
DUNMAN HIGH SCHOOL,10 TANJONG RHU ROAD   ,436895,63450533,"KATONG PARK MRT,ALJUNIED MRT, KALLANG MRT, MOUNTBATTEN MRT,"
DUNMAN SECONDARY SCHOOL,21 TAMPINES STREET 45   ,529093,67862668,TAMPINES EAST MRT
EAST SPRING PRIMARY SCHOOL,31 TAMPINES ST 33   ,529258,67866192,Tampines
EAST SPRING SECONDARY SCHOOL,30 TAMPINES STREET 34   ,529231,65873805,"TAMPINES MRT, TAMPINES EAST MRT"
EDGEFIELD PRIMARY SCHOOL,41 EDGEFIELD PLAINS   ,828869,63126091,Punggol MRT
EDGEFIELD SECONDARY SCHOOL,36 PUNGGOL FIELD   ,828814,68839511,PUNGGOL MRT
ELIAS PARK PRIMARY SCHOOL,11 PASIR RIS STREET 52   ,518866,65844393,Pasir Ris MRT
ENDEAVOUR PRIMARY SCHOOL,10 Admiralty Link   ,757521,64824650,Sembawang MRT Station
EUNOIA JUNIOR COLLEGE,2 Sin Ming Place   ,573838,63518388,"Bishan MRT Station, Marymount MRT Station, Ang Mo Kio MRT Station, Bright Hill MRT Station"
EVERGREEN PRIMARY SCHOOL,31 WOODLANDS CIRCLE   ,738908,63687705,Admiralty
EVERGREEN SECONDARY SCHOOL,11 WOODLANDS STREET 83   ,738489,63656392,WOODLANDS MRT
FAIRFIELD METHODIST SCHOOL (PRIMARY),100 DOVER ROAD   ,139648,67788431,"One-North MRT, Buona Vista MRT & Dover MRT"
FAIRFIELD METHODIST SCHOOL (SECONDARY),102 DOVER ROAD   ,139649,67788702,"BUONA VISTA MRT, ONE-NORTH MRT"
FARRER PARK PRIMARY SCHOOL,2 FARRER PARK ROAD   ,217567,62952272,Farrer Park MRT Station
FENGSHAN PRIMARY SCHOOL,307 BEDOK NORTH ROAD   ,469680,65860123,Bedok MRT
FERN GREEN PRIMARY SCHOOL,70 Fernvale Link   Fern Green Primary School,797538,68343100,Kupang LRT Station (SW3)
FERNVALE PRIMARY SCHOOL,1 Fernvale Lane   ,797701,63153051,Fernvale LRT (Sengkang West Loop)
FIRST TOA PAYOH PRIMARY SCHOOL,7 LORONG 8 TOA PAYOH   ,319252,62567822,Braddell & Toa Payoh Stations
FRONTIER PRIMARY SCHOOL,20 Jurong West Street 61   ,648200,65789555,Pioneer MRT Station (EW28)
FUCHUN PRIMARY SCHOOL,23 WOODLANDS AVENUE 1   ,739063,63683925,Marsiling
FUHUA PRIMARY SCHOOL,65 JURONG EAST STREET 13   ,609647,65624370,JURONG EAST MRT STATION
FUHUA SECONDARY SCHOOL,5 JURONG WEST STREET 41   ,649410,65633067,"CHINESE GARDEN MRT, LAKESIDE MRT"
GAN ENG SENG PRIMARY SCHOOL,100 REDHILL CLOSE   ,158901,64717451,Redhill
GAN ENG SENG SCHOOL,1 HENDERSON ROAD   ,159561,64745594,"REDHILL MRT, TIONG BAHRU MRT"
GEYLANG METHODIST SCHOOL (PRIMARY),4 Geylang East Central   ,389706,67486746,Aljunied
GEYLANG METHODIST SCHOOL (SECONDARY),2 GEYLANG EAST CENTRAL   ,389705,67466503,ALJUNIED MRT
GONGSHANG PRIMARY SCHOOL,1 TAMPINES STREET 42   ,529176,67831191,Tampines (Downtown Line and East West Line) and Tampines East (Downtown Line)
GREENDALE PRIMARY SCHOOL,50 Edgedale Plains   ,828848,68861413,Punggol LRT:  Coral Edge
GREENDALE SECONDARY SCHOOL,51 EDGEDALE PLAINS   ,828866,63158616,"PUNGGOL MRT, MERIDIAN LRT"
GREENRIDGE PRIMARY SCHOOL,11 JELAPANG ROAD   ,677744,67604265,"Senja LRT station, Jelapang LRT Station"
GREENRIDGE SECONDARY SCHOOL,31 Gangsa Road   ,678972,67691491,"Bukit Panjang MRT, Bukit Panjang LRT, Petir LRT"
GREENWOOD PRIMARY SCHOOL,11 WOODLANDS  DR  62   ,737942,63666158,Admiralty MRT Station
GUANGYANG SECONDARY SCHOOL,8 BISHAN STREET 12   ,579807,62589781,BISHAN MRT
HAI SING CATHOLIC SCHOOL,15 PASIR RIS STREET 21   ,518969,65827864,PASIR RIS MRT
HAIG GIRLS' SCHOOL,51 Koon Seng Road   ,427072,63440293,"Eunos, Dakota"
HENRY PARK PRIMARY SCHOOL,1 HOLLAND GROVE ROAD   ,278790,64663600,"Buona Vista MRT, Clementi MRT"
HILLGROVE SECONDARY SCHOOL,10 BUKIT BATOK STREET 52   ,659250,65603726,"BUKIT BATOK MRT, BUKIT GOMBAK MRT"
HOLY INNOCENTS' HIGH SCHOOL,1191 UPPER SERANGOON ROAD   ,534786,62833381,HOUGANG MRT
HOLY INNOCENTS' PRIMARY SCHOOL,5 Lorong Low Koon   ,536451,62886516,2km walk to Hougang MRT
HONG WEN SCHOOL,30 TOWNER ROAD   ,327829,62943340,Boon Keng MRT
HORIZON PRIMARY SCHOOL,61 Edgedale Plains   ,828819,67535411,Punggol MRT Station (NE17); (LRT: Kadaloor [PE5] or Oasis [PE6])
HOUGANG PRIMARY SCHOOL,1 HOUGANG ST 93   ,534238,64897445,"Ang Mo Kio, Buangkok, Hougang, Sengkang, Yio Chu Kang"
HOUGANG SECONDARY SCHOOL,2 HOUGANG STREET 93   ,534256,63851990,"HOUGANG MRT, BUANGKOK MRT"
HUA YI SECONDARY SCHOOL,60 JURONG WEST ST 42   ,649371,65634568,"LAKESIDE MRT, CHINESE GARDEN MRT"
HUAMIN PRIMARY SCHOOL,21 YISHUN AVENUE 11   ,768857,67529004,Yishun MRT Station
HWA CHONG INSTITUTION,661 BUKIT TIMAH ROAD   ,269734,64683955,TAN KAH KEE MRT
INNOVA PRIMARY SCHOOL,80 Woodlands Drive 17   ,737888,68944693,Woodlands
JIEMIN PRIMARY SCHOOL,2 YISHUN STREET 71   ,768515,67586472,Yishun MRT Station
JING SHAN PRIMARY SCHOOL,5 ANG MO KIO ST 52   ,569228,64566305,Ang Mo Kio MRT
JUNYUAN PRIMARY SCHOOL,2 Tampines Street 91   ,528906,67830375,Tampines West (Downtown Line); Tampines (East-West Line)
JUNYUAN SECONDARY SCHOOL,11 TAMPINES STREET 84   ,528933,65873683,"TAMPINES MRT, TAMPINES WEST MRT"
JURONG PIONEER JUNIOR COLLEGE,21 Teck Whye Walk   ,688258,65646878,Choa Chu Kang / Bt Panjang / Phoenix Station (LRT)
JURONG PRIMARY SCHOOL,320 JURONG EAST Street 32   ,609476,65618837,"Lakeside MRT Station, Jurong East MRT Station"
JURONG SECONDARY SCHOOL,31 YUAN CHING ROAD   ,618652,62655980,LAKESIDE MRT
JURONG WEST PRIMARY SCHOOL,30 JURONG WEST ST 61   ,648368,67933419,Pioneer MRT Station
JURONG WEST SECONDARY SCHOOL,61 JURONG WEST STREET 65   ,648348,62623593,"BOON LAY MRT, PIONEER MRT"
JURONGVILLE SECONDARY SCHOOL,202 JURONG EAST AVENUE 1   ,609790,65638704,"JURONG EAST MRT, LAKESIDE MRT"
JUYING SECONDARY SCHOOL,33 JURONG WEST STREET 91   ,649038,63089898,"BOON LAY MRT, PIONEER MRT, JOO KOON MRT"
MEE TOH SCHOOL,21 EDGEDALE PLAINS   ,828867,64893326,Punggol Station
KEMING PRIMARY SCHOOL,90 BUKIT BATOK EAST AVENUE 6   ,659762,68962054,Bukit Batok
KENT RIDGE SECONDARY SCHOOL,147 WEST COAST ROAD   ,127368,67731127,"CLEMENTI MRT, HAW PAR VILLA MRT"
KHENG CHENG SCHOOL,15 LORONG 3 TOA PAYOH   ,319580,62552502,Braddell
KONG HWA SCHOOL,350 GUILLEMARD ROAD   ,399772,63421195,Dakota
KRANJI PRIMARY SCHOOL,11 CHOA CHU KANG STREET 54   ,689189,67634812,Yew Tee MRT
KRANJI SECONDARY SCHOOL,61 CHOA CHU KANG STREET 51   ,689333,67662464,"CHOA CHU KANG MRT, YEW TEE MRT"
KUO CHUAN PRESBYTERIAN PRIMARY SCHOOL,8 BISHAN STREET 13   ,579793,62595396,Bishan MRT Station
KUO CHUAN PRESBYTERIAN SECONDARY SCHOOL,10 BISHAN STREET 13   ,579795,62593811,BISHAN MRT
LAKESIDE PRIMARY SCHOOL,161 Corporation Walk   ,618310,62620918,Lakeside MRT
LIANHUA PRIMARY SCHOOL,2 BUKIT BATOK STREET 52   ,659243,65639502,Bukit Gombak/Bukit Batok
LOYANG VIEW SECONDARY SCHOOL,12 PASIR RIS STREET 11   ,519073,65821727,PASIR RIS MRT
MAHA BODHI SCHOOL,10 UBI AVENUE 1   ,408931,67442115,"Eunos Station (Transfer Bus No.63, 63M); Ubi Station (Transfer Bus No. 137)"
MANJUSRI SECONDARY SCHOOL,20 UBI AVENUE 1   ,408940,68424558,"UBI MRT, MACPHERSON MRT"
MARIS STELLA HIGH SCHOOL,25 MOUNT VERNON ROAD   ,368051,62803880 (Sec),BARTLEY MRT
MARSILING PRIMARY SCHOOL,31 WOODLANDS CENTRE ROAD   ,738927,62696193,Marsiling MRT Station
MARSILING SECONDARY SCHOOL,12 MARSILING ROAD   ,739110,68941413,MARSILING MRT
MARYMOUNT CONVENT SCHOOL,20 Marymount Road   ,297754,6256 6701,Braddell MRT Station or Caldecott MRT Station
MAYFLOWER PRIMARY SCHOOL,200 Ang Mo Kio Avenue 5   ,569878,64520849,Yio Chu Kang MRT Station.
MAYFLOWER SECONDARY SCHOOL,2 ANG MO KIO STREET 21   ,569384,64577783,"ANG MO KIO MRT, MAYFLOWER MRT"
MERIDIAN PRIMARY SCHOOL,20 PASIR RIS ST 71   ,518798,65832125,Pasir Ris MRT Station
MERIDIAN SECONDARY SCHOOL,31 PASIR RIS STREET 51   ,518901,65831387,PASIR RIS MRT
METHODIST GIRLS' SCHOOL (PRIMARY),11 Blackmore Drive   ,599986,64694800,King Albert Park MRT
METHODIST GIRLS' SCHOOL (SECONDARY),11 BLACKMORE DRIVE   ,599986,64694800,KING ALBERT PARK MRT
MILLENNIA INSTITUTE,60 Bukit Batok West Avenue 8   ,658965,63023700,Bukit Batok (NS 2)
MONTFORT JUNIOR SCHOOL,52 HOUGANG AVENUE 8   ,538786,65101588,Hougang MRT & Bus Interchange
MONTFORT SECONDARY SCHOOL,50 HOUGANG AVENUE 8   ,538785,65107070,HOUGANG MRT
NAN CHIAU HIGH SCHOOL,20 ANCHORVALE LINK   ,545079,64897971,"SENGKANG MRT, RENJONG LRT, TONGKANG LRT"
NAN CHIAU PRIMARY SCHOOL,50 ANCHORVALE LINK   ,545080,64897905,Sengkang Station
NAN HUA HIGH SCHOOL,41 CLEMENTI AVENUE 1   ,129956,67788303,CLEMENTI MRT
NAN HUA PRIMARY SCHOOL,30 Jalan Lempeng   ,128806,67788050,Clementi MRT Station
NANYANG GIRLS' HIGH SCHOOL,2 LINDEN DRIVE   ,288683,64663275,"SIXTH AVENUE MRT, TAN KAH KEE MRT"
NANYANG JUNIOR COLLEGE,128 SERANGOON AVENUE 3   ,556111,62842281,Lorong Chuan (Circle Line/CC14); 3-minute walk via sheltered walkway
NANYANG PRIMARY SCHOOL,52 KING'S ROAD   ,268097,64672677,Farrer Rd MRT Station
NATIONAL JUNIOR COLLEGE,37 HILLCREST ROAD   ,288913,64661144,"BOTANIC GARDENS MRT, TAN KAH KEE MRT, SIXTH AVENUE MRT"
NAVAL BASE PRIMARY SCHOOL,7 YISHUN AVE 4   ,769028,67537114,Yishun MRT Station
NAVAL BASE SECONDARY SCHOOL,901 YISHUN RING ROAD   ,768689,62571996,KHATIB MRT
NEW TOWN PRIMARY SCHOOL,300 Tanglin Halt Road   ,148812,64748805,Commonwealth MRT Station
NEW TOWN SECONDARY SCHOOL,1020 DOVER ROAD   ,139657,67754140,"DOVER MRT, CLEMENTI MRT"
NGEE ANN PRIMARY SCHOOL,344 MARINE TERRACE   ,449149,64418677,Nil
NGEE ANN SECONDARY SCHOOL,1 TAMPINES STREET 32   ,529283,67844583,"TAMPINES MRT, SIMEI MRT, TAMPINES EAST MRT"
NORTH SPRING PRIMARY SCHOOL,1 RIVERVALE STREET   ,545088,68816887,NEL - Sengkang Station; LRT - Bakau Station
NORTH VIEW PRIMARY SCHOOL,210 YISHUN AVENUE 6   ,768960,67593235,Yishun; Khatib
NORTH VISTA PRIMARY SCHOOL,20 Compassvale Link   ,544974,64843566,"Buangkok MRT (NE15), Ranggung LRT (SE5)"
NORTH VISTA SECONDARY SCHOOL,11 RIVERVALE LINK   ,545081,68793930,"SENGKANG MRT, BUANGKOK MRT, RANGGUNG LRT"
NORTHBROOKS SECONDARY SCHOOL,585 YISHUN RING ROAD   ,768692,67524311,"YISHUN MRT, KHATIB MRT"
NORTHLAND PRIMARY SCHOOL,15 YISHUN AVENUE 4   ,769026,67598884,Yishun MRT Station
NORTHLAND SECONDARY SCHOOL,3 YISHUN STREET 22   ,768578,62576781,YISHUN MRT
NORTHLIGHT SCHOOL,151 Towner Road   ,327830,69296290,BOON KENG (NE9)
NORTHOAKS PRIMARY SCHOOL,61 Sembawang Drive   ,757622,6753 8835,Sembawang MRT
NORTHSHORE PRIMARY SCHOOL,30 Northshore Drive   ,828671,62026490,Puggol Point LRT Station
NUS HIGH SCHOOL OF MATHEMATICS AND SCIENCE,20 Clementi Avenue 1   ,129957,65161709,Nearest MRT Stations - Clementi and Dover
OASIS PRIMARY SCHOOL,71 Edgefield Plains   ,828716,6320 9855,Damai LRT Station
OPERA ESTATE PRIMARY SCHOOL,48 FIDELIO STREET   ,458436,62410417,"Bedok, Kembangan"
ORCHID PARK SECONDARY SCHOOL,10 YISHUN STREET 81   ,768454,67598547,KHATIB MRT
OUTRAM SECONDARY SCHOOL,3 YORK HILL   ,168622,67334077,"OUTRAM PARK MRT, CHINATOWN MRT"
PALM VIEW PRIMARY SCHOOL,150 Compassvale Bow   ,544822,65087300,Buangkok
PARK VIEW PRIMARY SCHOOL,60 PASIR RIS DRIVE 1   ,519524,65851421,Pasir Ris MRT Station
PASIR RIS CREST SECONDARY SCHOOL,11 PASIR RIS STREET 41   ,518934,65811655,PASIR RIS MRT
PASIR RIS PRIMARY SCHOOL,5 PASIR RIS STREET 21   ,518968,65822606,Pasir Ris MRT
PASIR RIS SECONDARY SCHOOL,390 TAMPINES STREET 21   ,529400,65010800,"TAMPINES MRT, TAMPINES EAST MRT,  TAMPINES WEST MRT"
PAYA LEBAR METHODIST GIRLS' SCHOOL (PRIMARY),298 LORONG AH SOO   ,536741,62862795,"Kovan (NE13), Serangoon(NE12/CC13)"
PAYA LEBAR METHODIST GIRLS' SCHOOL (SECONDARY),296 LOR AH SOO   ,536742,62816606,"KOVAN MRT, SERANGOON MRT"
PEI CHUN PUBLIC SCHOOL,16 LORONG 7 TOA PAYOH   ,319320,63539450,Toa Payoh MRT Station and Braddell MRT Station
PEI HWA PRESBYTERIAN PRIMARY SCHOOL,7 PEI WAH AVENUE   ,597610,64663787,Beauty World
PEI HWA SECONDARY SCHOOL,21 FERNVALE LINK   ,797702,65009580,"SENGKANG MRT, LAYAR LRT"
PEI TONG PRIMARY SCHOOL,15 CLEMENTI AVENUE 5   ,129857,67775458,Clementi
PEICAI SECONDARY SCHOOL,10 SERANGOON AVENUE 4   ,556094,62021260,SERANGOON MRT
PEIRCE SECONDARY SCHOOL,10 SIN MING WALK   ,575566,64576454,"ANG MO KIO MRT, BISHAN MRT, MARYMOUNT MRT, BRIGHT HILL MRT"
PEIYING PRIMARY SCHOOL,651 YISHUN RING ROAD   ,768687,62575684,Khatib
PIONEER PRIMARY SCHOOL,80 TENGAH GARDEN AVENUE   ,699915,67932039,Boon Lay Station
POI CHING SCHOOL,21 TAMPINES STREET 71   ,529067,67856420,Tampines MRT
PRESBYTERIAN HIGH SCHOOL,5209 ANG MO KIO AVENUE 6   ,569845,64543722,YIO CHU KANG MRT
PRINCESS ELIZABETH PRIMARY SCHOOL,30 BUKIT BATOK WEST AVENUE 3   ,659163,65655111,Bukit Batok MRT Station
PUNGGOL COVE PRIMARY SCHOOL,52 Sumang Walk   ,828674,63857339,Nibong LRT Station
PUNGGOL GREEN PRIMARY SCHOOL,98 Punggol Walk   ,828772,65383011,Punggol MRT Station
PUNGGOL PRIMARY SCHOOL,61 HOUGANG AVENUE 8   ,538787,63850762,"Hougang, Buangkok"
PUNGGOL SECONDARY SCHOOL,51 EDGEFIELD PLAINS   ,828870,64897851,"PUNGGOL MRT, COVE LRT"
PUNGGOL VIEW PRIMARY SCHOOL,9 Punggol Place   ,828845,6570 1588,Punggol MRT Station
QIFA PRIMARY SCHOOL,50 WEST COAST AVENUE   ,128104,67783085,Clementi MRT Station
QIHUA PRIMARY SCHOOL,5 WOODLANDS STREET 81   ,738525,62696250,Woodlands MRT Station
QUEENSTOWN PRIMARY SCHOOL,310 MARGARET DR   ,149303,64741044,Queenstown MRT
QUEENSTOWN SECONDARY SCHOOL,1 STRATHMORE ROAD   ,148800,64741055,"REDHILL MRT, QUEENSTOWN MRT"
QUEENSWAY SECONDARY SCHOOL,2A MARGARET DRIVE   ,149295,64741421,"COMMONWEALTH MRT, QUEENSTOWN MRT"
RADIN MAS PRIMARY SCHOOL,1 BUKIT PURMEI AVENUE   ,99840,62733937,Tiong Bahru MRT; HarbourFront MRT
RAFFLES GIRLS' PRIMARY SCHOOL,21 Hillcrest Road   ,289072,64684377,TAN KAH KEE MRT STATION
RAFFLES GIRLS' SCHOOL (SECONDARY),2 BRADDELL RISE   ,318871,67371845,"BRADDELL MRT, CALDECOTT MRT"
RAFFLES INSTITUTION,1 RAFFLES INSTITUTION LANE   ,575954,64199242,"BISHAN MRT, MARYMOUNT MRT"
RED SWASTIKA SCHOOL,350 BEDOK NORTH AVENUE 3   ,469719,64430380,Bedok Reservoir MRT
REGENT SECONDARY SCHOOL,50 CHOA CHU KANG NORTH 5   ,689621,67653828,"YEW TEE MRT, CHOA CHU KANG MRT"
RIVER VALLEY HIGH SCHOOL,6 BOON LAY AVENUE   ,649961,65678115,"BOON LAY MRT, LAKESIDE MRT"
RIVER VALLEY PRIMARY SCHOOL,2 RIVER VALLEY GREEN   ,237993,67371785,Somerset MRT
RIVERSIDE PRIMARY SCHOOL,110 Woodlands Crescent   ,737803,63654490,Admiralty MRT Station
RIVERSIDE SECONDARY SCHOOL,3 WOODLANDS STREET 81   ,738524,62699631,WOODLANDS MRT
UNITY PRIMARY SCHOOL,21 CHOA CHU KANG CRESCENT   ,688268,67676750,Yew Tee MRT
RIVERVALE PRIMARY SCHOOL,80 RIVERVALE DRIVE   ,545092,63887450,Nearest LRT Station : Rumbia
ROSYTH SCHOOL,21 Serangoon North Avenue 4   ,555855,64812273,"Ang Mo Kio, Serangoon"
RULANG PRIMARY SCHOOL,6 JURONG WEST STREET 52   ,649295,65657771,Lakeside
"SCHOOL OF SCIENCE AND TECHNOLOGY, SINGAPORE",1 Technology Drive   ,138572,65717200,Dover
"SCHOOL OF THE ARTS, SINGAPORE",1 Zubir Said Drive 05 01 ,227968,6338 9663,Dhoby Ghaut
SEMBAWANG PRIMARY SCHOOL,10 SEMBAWANG DRIVE   ,757715,67567330,Sembawang MRT (6 to 8-minute walk)
SEMBAWANG SECONDARY SCHOOL,30 SEMBAWANG CRESCENT   ,757704,67566760,SEMBAWANG MRT
SENG KANG PRIMARY SCHOOL,21 COMPASSVALE WALK   ,545166,63840809,Sengkang MRT
SENG KANG SECONDARY SCHOOL,10 COMPASSVALE LANE   ,545090,63887258,"SENGKANG MRT, RANGGUNG LRT"
SENGKANG GREEN PRIMARY SCHOOL,15 Fernvale Road   ,797636,63864255,Fernvale LRT (SW5) - (Sengkang West Loop)
SERANGOON GARDEN SECONDARY SCHOOL,21 SERANGOON NORTH AVENUE 1   ,555889,62889227,"SERANGOON MRT, ANG MO KIO MRT"
SERANGOON SECONDARY SCHOOL,11 UPPER SERANGOON VIEW   ,534237,63851589,"HOUGANG MRT, KANGKAR LRT"
SHUQUN PRIMARY SCHOOL,8 JURONG WEST STREET 51   ,649332,65637129,W11 Lakeside
SI LING PRIMARY SCHOOL,61 WOODLANDS AVENUE 1   ,739067,62698832,Woodlands
SINGAPORE CHINESE GIRLS' PRIMARY SCHOOL,190 DUNEARN ROAD   ,309437,62527966,Stevens
SINGAPORE CHINESE GIRLS' SCHOOL,190 DUNEARN ROAD   ,309437,62527966,STEVENS MRT
SINGAPORE SPORTS SCHOOL,1 Champions Way   ,737913,67660100,Woodlands South MRT
SOUTH VIEW PRIMARY SCHOOL,6 Choa Chu Kang Central   ,689762,67697176,Choa Chu Kang MRT Station
SPECTRA SECONDARY SCHOOL,1 WOODLANDS DRIVE 64   ,737758,64660775,ADMIRALTY
SPRINGDALE PRIMARY SCHOOL,71 Anchorvale Link   ,544799,63157600,Sengkang Station (NE16); Nearest LRT station: Farmway; *10-15 min walk from either station
SPRINGFIELD SECONDARY SCHOOL,30 TAMPINES AVENUE 8   ,529593,63183053,"TAMPINES MRT, TAMPINES WEST MRT"
ST ANDREW'S SCHOOL (JUNIOR),2 FRANCIS THOMAS DRIVE   ,359337,62884303,"Potong Pasir, Toa Payoh"
ST ANDREW'S SCHOOL (SECONDARY),15 FRANCIS THOMAS DRIVE   ,359342,62851944,POTONG PASIR MRT
ST. ANDREW'S JUNIOR COLLEGE,5 Sorby Adams Drive   ,357691,62857008,Potong Pasir NE10
ST. ANTHONY'S CANOSSIAN PRIMARY SCHOOL,1602 BEDOK NORTH AVE 4   ,469701,64492239,Bedok MRT
ST. ANTHONY'S CANOSSIAN SECONDARY SCHOOL,1600 BEDOK NORTH AVENUE 4   ,469700,64490616,"BEDOK MRT, BEDOK RESERVOIR MRT"
ST. ANTHONY'S PRIMARY SCHOOL,30 Bukit Batok St 32   ,659401,65690822,Bukit Gombak MRT Station
ST. GABRIEL'S PRIMARY SCHOOL,220 Lorong Chuan   ,556742,62803628,Lor Chuan MRT Station (Circle Line)
ST. GABRIEL'S SECONDARY SCHOOL,24 SERANGOON AVENUE 1   ,556140,62889470,SERANGOON MRT
ST. HILDA'S PRIMARY SCHOOL,2 Tampines Ave 3   ,529706,67811916,"Tampines West, Tampines Central"
ST. HILDA'S SECONDARY SCHOOL,2 TAMPINES STREET 82   ,528986,63055277,"TAMPINES MRT, TAMPINES WEST MRT"
ST. JOSEPH'S INSTITUTION,38 MALCOLM ROAD   ,308274,62500022,STEVENS MRT
ST. JOSEPH'S INSTITUTION JUNIOR,3 ESSEX ROAD   ,309331,62552700,Novena
ST. MARGARET'S SCHOOL (PRIMARY),136 Sophia Road   ,228197,63394247,Little India MRT Station (NE7/DT12); Dhoby Ghaut MRT Station (NS24/NE6/CC1)
ST. MARGARET'S SCHOOL (SECONDARY),111 FARRER ROAD   ,259240,64664525,FARRER ROAD MRT
UNITY SECONDARY SCHOOL,20 CHOA CHU KANG STREET 62   ,689143,67671070,YEW TEE MRT
ST. PATRICK'S SCHOOL,490 EAST COAST ROAD   ,429058,63440929,MARINE TERRACE MRT (TEL)
ST. STEPHEN'S SCHOOL,20 SIGLAP VIEW   ,455789,62419513,Kembangan MRT Station
SWISS COTTAGE SECONDARY SCHOOL,3 BUKIT BATOK STREET 34   ,659322,65637173,BUKIT GOMBAK MRT
TAMPINES MERIDIAN JUNIOR COLLEGE,21 Pasir Ris Street 71   ,518799,63493660,Pasir Ris MRT Station
TAMPINES NORTH PRIMARY SCHOOL,30 TAMPINES AVENUE 9   ,529565,67854329,Tampines MRT
TAMPINES PRIMARY SCHOOL,250 TAMPINES STREET 12   ,529426,67831190,Tampines MRT
TAMPINES SECONDARY SCHOOL,252 TAMPINES ST 12   ,529427,67835423,TAMPINES MRT
TANJONG KATONG GIRLS' SCHOOL,20 Dunman Lane   ,439272,63441593,"PAYA LEBAR MRT, DAKOTA MRT"
TANJONG KATONG PRIMARY SCHOOL,10 Seraya Road   ,437259,63444728,na
TANJONG KATONG SECONDARY SCHOOL,130 HAIG ROAD   ,438796,63443471,"PAYA LEBAR MRT, DAKOTA MRT"
TAO NAN SCHOOL,49 MARINE CRESCENT   ,449761,64428307,"Marine Parade, Marine Terrace"
TECK GHEE PRIMARY SCHOOL,1 ANG MO KIO STREET 32   ,569299,64548769,Ang Mo Kio & Bishan
TECK WHYE PRIMARY SCHOOL,11 TECK WHYE WALK   ,688261,67691025,Choa Chu Kang MRT & LRT
TELOK KURAU PRIMARY SCHOOL,50 BEDOK RESERVOIR RD   ,479239,62441600,Kaki Bukit MRT (nearest)
TEMASEK JUNIOR COLLEGE,2 Tampines Avenue 9   Temasek Junior College,529564,64428066,TAMPINES EAST MRT
TEMASEK PRIMARY SCHOOL,501 BEDOK SOUTH AVE 3   ,469300,64438134,Tanah Merah MRT
TEMASEK SECONDARY SCHOOL,600 UPPER EAST COAST ROAD   ,465561,64495020,"BEDOK MRT, TANAH MERAH MRT"
TOWNSVILLE PRIMARY SCHOOL,3 ANG MO KIO AVE 10   ,569730,64574345,"Bishan MRT, Ang Mo Kio MRT Stations"
VICTORIA JUNIOR COLLEGE,20 MARINE VISTA   ,449035,64485011,"Nearest MRT Stations:  Marine Terrace, Kembangan, Eunos"
VICTORIA SCHOOL,2 SIGLAP LINK   ,448880,62912965,"SIGLAP, BEDOK MRT, PAYA LEBAR MRT"
WATERWAY PRIMARY SCHOOL,70 Punggol Drive   ,828802,6636 6880,Kadaloor LRT Station
WELLINGTON PRIMARY SCHOOL,10 WELLINGTON CIRCLE   ,757702,67533319,Sembawang MRT
WEST GROVE PRIMARY SCHOOL,1 JURONG WEST ST 72   ,649223,62679234,Boon Lay MRT
WEST SPRING PRIMARY SCHOOL,60 Bukit Panjang Ring Road   ,679946,63144192,Jelapang LRT
WEST SPRING SECONDARY SCHOOL,61 SENJA  ROAD   ,677737,68920369,"BUKIT PANJANG MRT, JELAPANG LRT, SENJA LRT"
WEST VIEW PRIMARY SCHOOL,31 SENJA ROAD   ,677742,67600178,"Bukit Panjang MRT, SENJA LRT (A13)"
WESTWOOD PRIMARY SCHOOL,1 Jurong West Street 73   ,649188,64121690,Boon Lay MRT Station
WESTWOOD SECONDARY SCHOOL,11 JURONG WEST STREET 25   ,648350,67929737,BOON LAY MRT
WHITE SANDS PRIMARY SCHOOL,2 PASIR RIS ST 11   ,519075,69229100,Pasir Ris MRT Station
WHITLEY SECONDARY SCHOOL,30 BISHAN STREET 24   ,579747,64561336,"BISHAN MRT, MARYMOUNT MRT"
WOODGROVE PRIMARY SCHOOL,2 WOODLANDS DRIVE 14   ,738079,68943371,Woodlands MRT Station
WOODGROVE SECONDARY SCHOOL,3 WOODLANDS AVENUE 6   ,738990,68932564,"WOODLANDS MRT, WOODLANDS SOUTH MRT"
WOODLANDS PRIMARY SCHOOL,10 WOODLANDS DRIVE 50   ,738853,62697410,Woodlands
WOODLANDS RING PRIMARY SCHOOL,11 WOODLANDS RING ROAD   ,738240,63643679,Admiralty MRT Station
WOODLANDS RING SECONDARY SCHOOL,21 WOODLANDS AVENUE 1   ,739062,63643712,ADMIRALTY MRT
WOODLANDS SECONDARY SCHOOL,11 MARSILING ROAD   ,739111,68494400,"MARSILING MRT, WOODLANDS MRT"
XINGHUA PRIMARY SCHOOL,45 HOUGANG AVENUE 1   ,538882,62889121,Kovan MRT Station
XINGNAN PRIMARY SCHOOL,5 JURONG WEST STREET 91   ,649036,67913679,Pioneer MRT Station
XINMIN PRIMARY SCHOOL,9 HOUGANG AVENUE 8   ,538784,62835479,Nil
XINMIN SECONDARY SCHOOL,11 HOUGANG AVENUE 8   ,538789,62889382,HOUGANG MRT
XISHAN PRIMARY SCHOOL,8 YISHUN STREET 21   ,768611,67588837,Alight at Yishun MRT Station; Take Exit C; Walk towards Yishun Street 21
YANGZHENG PRIMARY SCHOOL,15 SERANGOON AVENUE 3   ,556108,62846298,Serangoon Station
YEW TEE PRIMARY SCHOOL,10 CHOA CHU KANG ST 64   ,689100,67670027,Yew Tee MRT Station
YIO CHU KANG PRIMARY SCHOOL,1 HOUGANG STREET 51   ,538720,63851365,Hougang MRT Station; Yio Chu Kang MRT Station
YIO CHU KANG SECONDARY SCHOOL,3063 ANG MO KIO AVENUE 5   ,569868,64560669,YIO CHU KANG MRT
YISHUN INNOVA JUNIOR COLLEGE,3 YISHUN RING ROAD   ,768675,62579873,"Yishun, Khatib"
YISHUN PRIMARY SCHOOL,500 YISHUN RING ROAD   ,768679,62577461,Yishun
YISHUN SECONDARY SCHOOL,4 YISHUN STREET 71   ,768516,68767129,"YISHUN MRT, KHATIB MRT"
YISHUN TOWN SECONDARY SCHOOL,6 YISHUN STREET 21   ,768610,67587219,YISHUN MRT
YU NENG PRIMARY SCHOOL,56 BEDOK NORTH ST 3   ,469623,64490121,"Bedok MRT Station (East-West Line), Bedok Reservoir MRT STation (Downtown line)"
YUAN CHING SECONDARY SCHOOL,103 YUAN CHING ROAD   ,618654,62612489,LAKESIDE MRT
YUHUA PRIMARY SCHOOL,158 JURONG EAST STREET 24   ,609558,65605062,"Jurong East, Bukit Batok"
YUHUA SECONDARY SCHOOL,35 JURONG WEST STREET 41   ,649406,65661985,LAKESIDE MRT
YUMIN PRIMARY SCHOOL,3 TAMPINES STREET 21   ,529393,67811262,Tampines MRT Station
YUSOF ISHAK SECONDARY SCHOOL,8 SUMANG WALK   ,828676,65009800,PUNGGOL MRT
YUYING SECONDARY SCHOOL,47 HOUGANG AVENUE 1   ,538884,62827968,"KOVAN MRT, SERANGOON MRT, HOUGANG MRT"
ZHANGDE PRIMARY SCHOOL,51 Jalan Membina   ,169485,62740357,Tiong Bahru MRT Station
ZHENGHUA PRIMARY SCHOOL,9 Fajar Road   ,679002,67697478,LRT: Fajar Station
ZHENGHUA SECONDARY SCHOOL,62 Bukit Panjang Ring Road   ,679962,67639455,JELAPANG LRT
ZHONGHUA PRIMARY SCHOOL,12 SERANGOON AVENUE 4   ,556095,62835413,"Ang Mo Kio MRT, Bishan MRT, Serangoon MRT"
ZHONGHUA SECONDARY SCHOOL,13 SERANGOON AVENUE 3   ,556123,62824339,SERANGOON MRT
